Image_Path,Label
./dataset/train\Albus Dumbledore\1.png,Albus Dumbledore
./dataset/train\Albus Dumbledore\10.png,Albus Dumbledore
./dataset/train\Albus Dumbledore\100.jpg,Albus Dumbledore
./dataset/train\Albus Dumbledore\101.jpg,Albus Dumbledore
./dataset/train\Albus Dumbledore\102.jpg,Albus Dumbledore
./dataset/train\Albus Dumbledore\103.jpg,Albus Dumbledore
./dataset/train\Albus Dumbledore\104.jpg,Albus Dumbledore
./dataset/train\Albus Dumbledore\105.jpg,Albus Dumbledore
./dataset/train\Albus Dumbledore\106.jpg,Albus Dumbledore
./dataset/train\Albus Dumbledore\107.jpg,Albus Dumbledore
./dataset/train\Albus Dumbledore\108.jpg,Albus Dumbledore
./dataset/train\Albus Dumbledore\109.jpg,Albus Dumbledore
./dataset/train\Albus Dumbledore\11.png,Albus Dumbledore
./dataset/train\Albus Dumbledore\110.jpg,Albus Dumbledore
./dataset/train\Albus Dumbledore\111.jpg,Albus Dumbledore
./dataset/train\Albus Dumbledore\112.jpg,Albus Dumbledore
./dataset/train\Albus Dumbledore\12.png,Albus Dumbledore
./dataset/train\Albus Dumbledore\13.png,Albus Dumbledore
./dataset/train\Albus Dumbledore\14.png,Albus Dumbledore
./dataset/train\Albus Dumbledore\15.png,Albus Dumbledore
./dataset/train\Albus Dumbledore\16.png,Albus Dumbledore
./dataset/train\Albus Dumbledore\17.png,Albus Dumbledore
./dataset/train\Albus Dumbledore\18.png,Albus Dumbledore
./dataset/train\Albus Dumbledore\19.png,Albus Dumbledore
./dataset/train\Albus Dumbledore\2.png,Albus Dumbledore
./dataset/train\Albus Dumbledore\20.png,Albus Dumbledore
./dataset/train\Albus Dumbledore\21.png,Albus Dumbledore
./dataset/train\Albus Dumbledore\22.png,Albus Dumbledore
./dataset/train\Albus Dumbledore\23.png,Albus Dumbledore
./dataset/train\Albus Dumbledore\24.png,Albus Dumbledore
./dataset/train\Albus Dumbledore\25.png,Albus Dumbledore
./dataset/train\Albus Dumbledore\26.png,Albus Dumbledore
./dataset/train\Albus Dumbledore\27.png,Albus Dumbledore
./dataset/train\Albus Dumbledore\28.png,Albus Dumbledore
./dataset/train\Albus Dumbledore\29.png,Albus Dumbledore
./dataset/train\Albus Dumbledore\3.png,Albus Dumbledore
./dataset/train\Albus Dumbledore\30.png,Albus Dumbledore
./dataset/train\Albus Dumbledore\31.png,Albus Dumbledore
./dataset/train\Albus Dumbledore\32.png,Albus Dumbledore
./dataset/train\Albus Dumbledore\33.png,Albus Dumbledore
./dataset/train\Albus Dumbledore\34.png,Albus Dumbledore
./dataset/train\Albus Dumbledore\35.png,Albus Dumbledore
./dataset/train\Albus Dumbledore\36.png,Albus Dumbledore
./dataset/train\Albus Dumbledore\37.png,Albus Dumbledore
./dataset/train\Albus Dumbledore\38.png,Albus Dumbledore
./dataset/train\Albus Dumbledore\39.png,Albus Dumbledore
./dataset/train\Albus Dumbledore\4.png,Albus Dumbledore
./dataset/train\Albus Dumbledore\40.png,Albus Dumbledore
./dataset/train\Albus Dumbledore\41.png,Albus Dumbledore
./dataset/train\Albus Dumbledore\42.png,Albus Dumbledore
./dataset/train\Albus Dumbledore\43.png,Albus Dumbledore
./dataset/train\Albus Dumbledore\44.png,Albus Dumbledore
./dataset/train\Albus Dumbledore\45.png,Albus Dumbledore
./dataset/train\Albus Dumbledore\46.png,Albus Dumbledore
./dataset/train\Albus Dumbledore\47.png,Albus Dumbledore
./dataset/train\Albus Dumbledore\48.png,Albus Dumbledore
./dataset/train\Albus Dumbledore\49.png,Albus Dumbledore
./dataset/train\Albus Dumbledore\5.png,Albus Dumbledore
./dataset/train\Albus Dumbledore\50.png,Albus Dumbledore
./dataset/train\Albus Dumbledore\51.png,Albus Dumbledore
./dataset/train\Albus Dumbledore\52.png,Albus Dumbledore
./dataset/train\Albus Dumbledore\53.png,Albus Dumbledore
./dataset/train\Albus Dumbledore\54.png,Albus Dumbledore
./dataset/train\Albus Dumbledore\55.png,Albus Dumbledore
./dataset/train\Albus Dumbledore\56.png,Albus Dumbledore
./dataset/train\Albus Dumbledore\57.png,Albus Dumbledore
./dataset/train\Albus Dumbledore\58.png,Albus Dumbledore
./dataset/train\Albus Dumbledore\59.png,Albus Dumbledore
./dataset/train\Albus Dumbledore\6.png,Albus Dumbledore
./dataset/train\Albus Dumbledore\60.png,Albus Dumbledore
./dataset/train\Albus Dumbledore\61.png,Albus Dumbledore
./dataset/train\Albus Dumbledore\62.png,Albus Dumbledore
./dataset/train\Albus Dumbledore\63.png,Albus Dumbledore
./dataset/train\Albus Dumbledore\64.png,Albus Dumbledore
./dataset/train\Albus Dumbledore\65.png,Albus Dumbledore
./dataset/train\Albus Dumbledore\66.png,Albus Dumbledore
./dataset/train\Albus Dumbledore\67.png,Albus Dumbledore
./dataset/train\Albus Dumbledore\68.png,Albus Dumbledore
./dataset/train\Albus Dumbledore\69.png,Albus Dumbledore
./dataset/train\Albus Dumbledore\7.png,Albus Dumbledore
./dataset/train\Albus Dumbledore\70.png,Albus Dumbledore
./dataset/train\Albus Dumbledore\71.png,Albus Dumbledore
./dataset/train\Albus Dumbledore\72.png,Albus Dumbledore
./dataset/train\Albus Dumbledore\73.png,Albus Dumbledore
./dataset/train\Albus Dumbledore\74.png,Albus Dumbledore
./dataset/train\Albus Dumbledore\75.png,Albus Dumbledore
./dataset/train\Albus Dumbledore\76.png,Albus Dumbledore
./dataset/train\Albus Dumbledore\77.png,Albus Dumbledore
./dataset/train\Albus Dumbledore\78.png,Albus Dumbledore
./dataset/train\Albus Dumbledore\79.png,Albus Dumbledore
./dataset/train\Albus Dumbledore\8.png,Albus Dumbledore
./dataset/train\Albus Dumbledore\80.png,Albus Dumbledore
./dataset/train\Albus Dumbledore\81.png,Albus Dumbledore
./dataset/train\Albus Dumbledore\82.png,Albus Dumbledore
./dataset/train\Albus Dumbledore\83.png,Albus Dumbledore
./dataset/train\Albus Dumbledore\84.png,Albus Dumbledore
./dataset/train\Albus Dumbledore\85.png,Albus Dumbledore
./dataset/train\Albus Dumbledore\86.png,Albus Dumbledore
./dataset/train\Albus Dumbledore\87.png,Albus Dumbledore
./dataset/train\Albus Dumbledore\88.png,Albus Dumbledore
./dataset/train\Albus Dumbledore\89.png,Albus Dumbledore
./dataset/train\Albus Dumbledore\9.png,Albus Dumbledore
./dataset/train\Albus Dumbledore\90.png,Albus Dumbledore
./dataset/train\Albus Dumbledore\91.png,Albus Dumbledore
./dataset/train\Albus Dumbledore\92.png,Albus Dumbledore
./dataset/train\Albus Dumbledore\93.png,Albus Dumbledore
./dataset/train\Albus Dumbledore\94.png,Albus Dumbledore
./dataset/train\Albus Dumbledore\95.png,Albus Dumbledore
./dataset/train\Albus Dumbledore\96.png,Albus Dumbledore
./dataset/train\Albus Dumbledore\97.png,Albus Dumbledore
./dataset/train\Albus Dumbledore\98.png,Albus Dumbledore
./dataset/train\Albus Dumbledore\99.png,Albus Dumbledore
./dataset/train\Dobby\1.png,Dobby
./dataset/train\Dobby\10.png,Dobby
./dataset/train\Dobby\11.png,Dobby
./dataset/train\Dobby\12.png,Dobby
./dataset/train\Dobby\13.png,Dobby
./dataset/train\Dobby\14.png,Dobby
./dataset/train\Dobby\15.png,Dobby
./dataset/train\Dobby\16.png,Dobby
./dataset/train\Dobby\17.png,Dobby
./dataset/train\Dobby\18.png,Dobby
./dataset/train\Dobby\19.png,Dobby
./dataset/train\Dobby\2.png,Dobby
./dataset/train\Dobby\20.png,Dobby
./dataset/train\Dobby\21.png,Dobby
./dataset/train\Dobby\22.png,Dobby
./dataset/train\Dobby\23.png,Dobby
./dataset/train\Dobby\24.png,Dobby
./dataset/train\Dobby\25.png,Dobby
./dataset/train\Dobby\26.png,Dobby
./dataset/train\Dobby\27.png,Dobby
./dataset/train\Dobby\28.png,Dobby
./dataset/train\Dobby\29.png,Dobby
./dataset/train\Dobby\3.png,Dobby
./dataset/train\Dobby\30.png,Dobby
./dataset/train\Dobby\31.png,Dobby
./dataset/train\Dobby\32.png,Dobby
./dataset/train\Dobby\33.png,Dobby
./dataset/train\Dobby\34.png,Dobby
./dataset/train\Dobby\35.png,Dobby
./dataset/train\Dobby\36.png,Dobby
./dataset/train\Dobby\37.png,Dobby
./dataset/train\Dobby\38.png,Dobby
./dataset/train\Dobby\39.png,Dobby
./dataset/train\Dobby\4.png,Dobby
./dataset/train\Dobby\40.png,Dobby
./dataset/train\Dobby\41.png,Dobby
./dataset/train\Dobby\42.png,Dobby
./dataset/train\Dobby\43.png,Dobby
./dataset/train\Dobby\44.png,Dobby
./dataset/train\Dobby\45.png,Dobby
./dataset/train\Dobby\46.png,Dobby
./dataset/train\Dobby\47.png,Dobby
./dataset/train\Dobby\48.png,Dobby
./dataset/train\Dobby\49.png,Dobby
./dataset/train\Dobby\5.png,Dobby
./dataset/train\Dobby\50.png,Dobby
./dataset/train\Dobby\51.png,Dobby
./dataset/train\Dobby\52.jpg,Dobby
./dataset/train\Dobby\53.jpg,Dobby
./dataset/train\Dobby\54.jpg,Dobby
./dataset/train\Dobby\55.jpg,Dobby
./dataset/train\Dobby\56.jpg,Dobby
./dataset/train\Dobby\57.jpg,Dobby
./dataset/train\Dobby\58.jpg,Dobby
./dataset/train\Dobby\59.jpg,Dobby
./dataset/train\Dobby\6.png,Dobby
./dataset/train\Dobby\60.jpg,Dobby
./dataset/train\Dobby\61.jpg,Dobby
./dataset/train\Dobby\62.jpg,Dobby
./dataset/train\Dobby\63.jpg,Dobby
./dataset/train\Dobby\64.jpg,Dobby
./dataset/train\Dobby\7.png,Dobby
./dataset/train\Dobby\8.png,Dobby
./dataset/train\Dobby\9.png,Dobby
./dataset/train\Draco Malfoy\1.png,Draco Malfoy
./dataset/train\Draco Malfoy\10.png,Draco Malfoy
./dataset/train\Draco Malfoy\11.png,Draco Malfoy
./dataset/train\Draco Malfoy\12.png,Draco Malfoy
./dataset/train\Draco Malfoy\13.png,Draco Malfoy
./dataset/train\Draco Malfoy\14.png,Draco Malfoy
./dataset/train\Draco Malfoy\15.png,Draco Malfoy
./dataset/train\Draco Malfoy\16.png,Draco Malfoy
./dataset/train\Draco Malfoy\17.png,Draco Malfoy
./dataset/train\Draco Malfoy\18.png,Draco Malfoy
./dataset/train\Draco Malfoy\19.png,Draco Malfoy
./dataset/train\Draco Malfoy\2.png,Draco Malfoy
./dataset/train\Draco Malfoy\20.png,Draco Malfoy
./dataset/train\Draco Malfoy\21.png,Draco Malfoy
./dataset/train\Draco Malfoy\22.png,Draco Malfoy
./dataset/train\Draco Malfoy\23.png,Draco Malfoy
./dataset/train\Draco Malfoy\24.png,Draco Malfoy
./dataset/train\Draco Malfoy\25.png,Draco Malfoy
./dataset/train\Draco Malfoy\26.png,Draco Malfoy
./dataset/train\Draco Malfoy\27.png,Draco Malfoy
./dataset/train\Draco Malfoy\28.png,Draco Malfoy
./dataset/train\Draco Malfoy\29.png,Draco Malfoy
./dataset/train\Draco Malfoy\3.png,Draco Malfoy
./dataset/train\Draco Malfoy\30.png,Draco Malfoy
./dataset/train\Draco Malfoy\31.png,Draco Malfoy
./dataset/train\Draco Malfoy\32.png,Draco Malfoy
./dataset/train\Draco Malfoy\33.png,Draco Malfoy
./dataset/train\Draco Malfoy\34.png,Draco Malfoy
./dataset/train\Draco Malfoy\35.png,Draco Malfoy
./dataset/train\Draco Malfoy\36.png,Draco Malfoy
./dataset/train\Draco Malfoy\37.png,Draco Malfoy
./dataset/train\Draco Malfoy\38.png,Draco Malfoy
./dataset/train\Draco Malfoy\39.png,Draco Malfoy
./dataset/train\Draco Malfoy\4.png,Draco Malfoy
./dataset/train\Draco Malfoy\40.png,Draco Malfoy
./dataset/train\Draco Malfoy\41.png,Draco Malfoy
./dataset/train\Draco Malfoy\42.png,Draco Malfoy
./dataset/train\Draco Malfoy\43.png,Draco Malfoy
./dataset/train\Draco Malfoy\44.png,Draco Malfoy
./dataset/train\Draco Malfoy\45.png,Draco Malfoy
./dataset/train\Draco Malfoy\46.png,Draco Malfoy
./dataset/train\Draco Malfoy\47.png,Draco Malfoy
./dataset/train\Draco Malfoy\48.png,Draco Malfoy
./dataset/train\Draco Malfoy\49.png,Draco Malfoy
./dataset/train\Draco Malfoy\5.png,Draco Malfoy
./dataset/train\Draco Malfoy\50.png,Draco Malfoy
./dataset/train\Draco Malfoy\51.png,Draco Malfoy
./dataset/train\Draco Malfoy\52.png,Draco Malfoy
./dataset/train\Draco Malfoy\53.png,Draco Malfoy
./dataset/train\Draco Malfoy\54.png,Draco Malfoy
./dataset/train\Draco Malfoy\55.png,Draco Malfoy
./dataset/train\Draco Malfoy\56.png,Draco Malfoy
./dataset/train\Draco Malfoy\57.png,Draco Malfoy
./dataset/train\Draco Malfoy\58.png,Draco Malfoy
./dataset/train\Draco Malfoy\59.jpg,Draco Malfoy
./dataset/train\Draco Malfoy\6.png,Draco Malfoy
./dataset/train\Draco Malfoy\60.jpg,Draco Malfoy
./dataset/train\Draco Malfoy\61.jpg,Draco Malfoy
./dataset/train\Draco Malfoy\62.jpg,Draco Malfoy
./dataset/train\Draco Malfoy\63.jpg,Draco Malfoy
./dataset/train\Draco Malfoy\64.jpg,Draco Malfoy
./dataset/train\Draco Malfoy\65.jpg,Draco Malfoy
./dataset/train\Draco Malfoy\66.jpg,Draco Malfoy
./dataset/train\Draco Malfoy\67.jpg,Draco Malfoy
./dataset/train\Draco Malfoy\68.jpg,Draco Malfoy
./dataset/train\Draco Malfoy\69.jpg,Draco Malfoy
./dataset/train\Draco Malfoy\7.png,Draco Malfoy
./dataset/train\Draco Malfoy\70.jpg,Draco Malfoy
./dataset/train\Draco Malfoy\71.jpg,Draco Malfoy
./dataset/train\Draco Malfoy\72.jpg,Draco Malfoy
./dataset/train\Draco Malfoy\73.jpg,Draco Malfoy
./dataset/train\Draco Malfoy\74.jpg,Draco Malfoy
./dataset/train\Draco Malfoy\75.jpg,Draco Malfoy
./dataset/train\Draco Malfoy\76.jpg,Draco Malfoy
./dataset/train\Draco Malfoy\77.jpg,Draco Malfoy
./dataset/train\Draco Malfoy\78.jpg,Draco Malfoy
./dataset/train\Draco Malfoy\79.jpg,Draco Malfoy
./dataset/train\Draco Malfoy\8.png,Draco Malfoy
./dataset/train\Draco Malfoy\80.jpg,Draco Malfoy
./dataset/train\Draco Malfoy\81.jpg,Draco Malfoy
./dataset/train\Draco Malfoy\82.jpg,Draco Malfoy
./dataset/train\Draco Malfoy\9.png,Draco Malfoy
./dataset/train\Fred and George Weasley\1.png,Fred and George Weasley
./dataset/train\Fred and George Weasley\10.png,Fred and George Weasley
./dataset/train\Fred and George Weasley\100.jpg,Fred and George Weasley
./dataset/train\Fred and George Weasley\101.jpg,Fred and George Weasley
./dataset/train\Fred and George Weasley\102.jpg,Fred and George Weasley
./dataset/train\Fred and George Weasley\103.jpg,Fred and George Weasley
./dataset/train\Fred and George Weasley\104.jpg,Fred and George Weasley
./dataset/train\Fred and George Weasley\105.jpg,Fred and George Weasley
./dataset/train\Fred and George Weasley\106.jpg,Fred and George Weasley
./dataset/train\Fred and George Weasley\107.jpg,Fred and George Weasley
./dataset/train\Fred and George Weasley\108.jpg,Fred and George Weasley
./dataset/train\Fred and George Weasley\109.jpg,Fred and George Weasley
./dataset/train\Fred and George Weasley\11.png,Fred and George Weasley
./dataset/train\Fred and George Weasley\110.jpg,Fred and George Weasley
./dataset/train\Fred and George Weasley\111.jpg,Fred and George Weasley
./dataset/train\Fred and George Weasley\112.jpg,Fred and George Weasley
./dataset/train\Fred and George Weasley\113.jpg,Fred and George Weasley
./dataset/train\Fred and George Weasley\114.jpg,Fred and George Weasley
./dataset/train\Fred and George Weasley\115.jpg,Fred and George Weasley
./dataset/train\Fred and George Weasley\116.jpg,Fred and George Weasley
./dataset/train\Fred and George Weasley\117.jpg,Fred and George Weasley
./dataset/train\Fred and George Weasley\118.jpg,Fred and George Weasley
./dataset/train\Fred and George Weasley\119.jpg,Fred and George Weasley
./dataset/train\Fred and George Weasley\12.png,Fred and George Weasley
./dataset/train\Fred and George Weasley\120.jpg,Fred and George Weasley
./dataset/train\Fred and George Weasley\13.png,Fred and George Weasley
./dataset/train\Fred and George Weasley\14.png,Fred and George Weasley
./dataset/train\Fred and George Weasley\15.png,Fred and George Weasley
./dataset/train\Fred and George Weasley\16.png,Fred and George Weasley
./dataset/train\Fred and George Weasley\17.png,Fred and George Weasley
./dataset/train\Fred and George Weasley\18.png,Fred and George Weasley
./dataset/train\Fred and George Weasley\19.png,Fred and George Weasley
./dataset/train\Fred and George Weasley\2.png,Fred and George Weasley
./dataset/train\Fred and George Weasley\20.png,Fred and George Weasley
./dataset/train\Fred and George Weasley\21.png,Fred and George Weasley
./dataset/train\Fred and George Weasley\22.png,Fred and George Weasley
./dataset/train\Fred and George Weasley\23.png,Fred and George Weasley
./dataset/train\Fred and George Weasley\24.png,Fred and George Weasley
./dataset/train\Fred and George Weasley\25.png,Fred and George Weasley
./dataset/train\Fred and George Weasley\26.png,Fred and George Weasley
./dataset/train\Fred and George Weasley\27.png,Fred and George Weasley
./dataset/train\Fred and George Weasley\28.png,Fred and George Weasley
./dataset/train\Fred and George Weasley\29.png,Fred and George Weasley
./dataset/train\Fred and George Weasley\3.png,Fred and George Weasley
./dataset/train\Fred and George Weasley\30.png,Fred and George Weasley
./dataset/train\Fred and George Weasley\31.png,Fred and George Weasley
./dataset/train\Fred and George Weasley\32.png,Fred and George Weasley
./dataset/train\Fred and George Weasley\33.png,Fred and George Weasley
./dataset/train\Fred and George Weasley\34.png,Fred and George Weasley
./dataset/train\Fred and George Weasley\35.png,Fred and George Weasley
./dataset/train\Fred and George Weasley\36.png,Fred and George Weasley
./dataset/train\Fred and George Weasley\37.png,Fred and George Weasley
./dataset/train\Fred and George Weasley\38.png,Fred and George Weasley
./dataset/train\Fred and George Weasley\39.png,Fred and George Weasley
./dataset/train\Fred and George Weasley\4.png,Fred and George Weasley
./dataset/train\Fred and George Weasley\40.png,Fred and George Weasley
./dataset/train\Fred and George Weasley\41.png,Fred and George Weasley
./dataset/train\Fred and George Weasley\42.png,Fred and George Weasley
./dataset/train\Fred and George Weasley\43.png,Fred and George Weasley
./dataset/train\Fred and George Weasley\44.png,Fred and George Weasley
./dataset/train\Fred and George Weasley\45.png,Fred and George Weasley
./dataset/train\Fred and George Weasley\46.png,Fred and George Weasley
./dataset/train\Fred and George Weasley\47.png,Fred and George Weasley
./dataset/train\Fred and George Weasley\48.png,Fred and George Weasley
./dataset/train\Fred and George Weasley\49.png,Fred and George Weasley
./dataset/train\Fred and George Weasley\5.png,Fred and George Weasley
./dataset/train\Fred and George Weasley\50.png,Fred and George Weasley
./dataset/train\Fred and George Weasley\51.png,Fred and George Weasley
./dataset/train\Fred and George Weasley\52.png,Fred and George Weasley
./dataset/train\Fred and George Weasley\53.png,Fred and George Weasley
./dataset/train\Fred and George Weasley\54.png,Fred and George Weasley
./dataset/train\Fred and George Weasley\55.png,Fred and George Weasley
./dataset/train\Fred and George Weasley\56.png,Fred and George Weasley
./dataset/train\Fred and George Weasley\57.png,Fred and George Weasley
./dataset/train\Fred and George Weasley\58.png,Fred and George Weasley
./dataset/train\Fred and George Weasley\59.png,Fred and George Weasley
./dataset/train\Fred and George Weasley\6.png,Fred and George Weasley
./dataset/train\Fred and George Weasley\60.png,Fred and George Weasley
./dataset/train\Fred and George Weasley\61.png,Fred and George Weasley
./dataset/train\Fred and George Weasley\62.png,Fred and George Weasley
./dataset/train\Fred and George Weasley\63.png,Fred and George Weasley
./dataset/train\Fred and George Weasley\64.png,Fred and George Weasley
./dataset/train\Fred and George Weasley\65.png,Fred and George Weasley
./dataset/train\Fred and George Weasley\66.png,Fred and George Weasley
./dataset/train\Fred and George Weasley\67.png,Fred and George Weasley
./dataset/train\Fred and George Weasley\68.png,Fred and George Weasley
./dataset/train\Fred and George Weasley\69.png,Fred and George Weasley
./dataset/train\Fred and George Weasley\7.png,Fred and George Weasley
./dataset/train\Fred and George Weasley\70.png,Fred and George Weasley
./dataset/train\Fred and George Weasley\71.png,Fred and George Weasley
./dataset/train\Fred and George Weasley\72.png,Fred and George Weasley
./dataset/train\Fred and George Weasley\73.png,Fred and George Weasley
./dataset/train\Fred and George Weasley\74.png,Fred and George Weasley
./dataset/train\Fred and George Weasley\75.png,Fred and George Weasley
./dataset/train\Fred and George Weasley\76.png,Fred and George Weasley
./dataset/train\Fred and George Weasley\77.png,Fred and George Weasley
./dataset/train\Fred and George Weasley\78.png,Fred and George Weasley
./dataset/train\Fred and George Weasley\79.png,Fred and George Weasley
./dataset/train\Fred and George Weasley\8.png,Fred and George Weasley
./dataset/train\Fred and George Weasley\80.png,Fred and George Weasley
./dataset/train\Fred and George Weasley\81.png,Fred and George Weasley
./dataset/train\Fred and George Weasley\82.png,Fred and George Weasley
./dataset/train\Fred and George Weasley\83.png,Fred and George Weasley
./dataset/train\Fred and George Weasley\84.png,Fred and George Weasley
./dataset/train\Fred and George Weasley\85.png,Fred and George Weasley
./dataset/train\Fred and George Weasley\86.png,Fred and George Weasley
./dataset/train\Fred and George Weasley\87.png,Fred and George Weasley
./dataset/train\Fred and George Weasley\88.png,Fred and George Weasley
./dataset/train\Fred and George Weasley\89.png,Fred and George Weasley
./dataset/train\Fred and George Weasley\9.png,Fred and George Weasley
./dataset/train\Fred and George Weasley\90.png,Fred and George Weasley
./dataset/train\Fred and George Weasley\91.png,Fred and George Weasley
./dataset/train\Fred and George Weasley\92.png,Fred and George Weasley
./dataset/train\Fred and George Weasley\93.png,Fred and George Weasley
./dataset/train\Fred and George Weasley\94.png,Fred and George Weasley
./dataset/train\Fred and George Weasley\95.png,Fred and George Weasley
./dataset/train\Fred and George Weasley\96.png,Fred and George Weasley
./dataset/train\Fred and George Weasley\97.jpg,Fred and George Weasley
./dataset/train\Fred and George Weasley\98.jpg,Fred and George Weasley
./dataset/train\Fred and George Weasley\99.jpg,Fred and George Weasley
./dataset/train\Ginny Weasley\1.png,Ginny Weasley
./dataset/train\Ginny Weasley\10.png,Ginny Weasley
./dataset/train\Ginny Weasley\11.png,Ginny Weasley
./dataset/train\Ginny Weasley\12.png,Ginny Weasley
./dataset/train\Ginny Weasley\13.png,Ginny Weasley
./dataset/train\Ginny Weasley\14.png,Ginny Weasley
./dataset/train\Ginny Weasley\15.png,Ginny Weasley
./dataset/train\Ginny Weasley\16.png,Ginny Weasley
./dataset/train\Ginny Weasley\17.png,Ginny Weasley
./dataset/train\Ginny Weasley\18.png,Ginny Weasley
./dataset/train\Ginny Weasley\19.png,Ginny Weasley
./dataset/train\Ginny Weasley\2.png,Ginny Weasley
./dataset/train\Ginny Weasley\20.png,Ginny Weasley
./dataset/train\Ginny Weasley\21.png,Ginny Weasley
./dataset/train\Ginny Weasley\22.png,Ginny Weasley
./dataset/train\Ginny Weasley\23.png,Ginny Weasley
./dataset/train\Ginny Weasley\24.png,Ginny Weasley
./dataset/train\Ginny Weasley\25.png,Ginny Weasley
./dataset/train\Ginny Weasley\26.png,Ginny Weasley
./dataset/train\Ginny Weasley\27.png,Ginny Weasley
./dataset/train\Ginny Weasley\28.png,Ginny Weasley
./dataset/train\Ginny Weasley\29.png,Ginny Weasley
./dataset/train\Ginny Weasley\3.png,Ginny Weasley
./dataset/train\Ginny Weasley\30.png,Ginny Weasley
./dataset/train\Ginny Weasley\31.png,Ginny Weasley
./dataset/train\Ginny Weasley\32.png,Ginny Weasley
./dataset/train\Ginny Weasley\33.png,Ginny Weasley
./dataset/train\Ginny Weasley\34.png,Ginny Weasley
./dataset/train\Ginny Weasley\35.png,Ginny Weasley
./dataset/train\Ginny Weasley\36.png,Ginny Weasley
./dataset/train\Ginny Weasley\37.png,Ginny Weasley
./dataset/train\Ginny Weasley\38.png,Ginny Weasley
./dataset/train\Ginny Weasley\39.png,Ginny Weasley
./dataset/train\Ginny Weasley\4.png,Ginny Weasley
./dataset/train\Ginny Weasley\40.png,Ginny Weasley
./dataset/train\Ginny Weasley\41.png,Ginny Weasley
./dataset/train\Ginny Weasley\42.png,Ginny Weasley
./dataset/train\Ginny Weasley\43.png,Ginny Weasley
./dataset/train\Ginny Weasley\44.png,Ginny Weasley
./dataset/train\Ginny Weasley\45.png,Ginny Weasley
./dataset/train\Ginny Weasley\46.png,Ginny Weasley
./dataset/train\Ginny Weasley\47.png,Ginny Weasley
./dataset/train\Ginny Weasley\48.png,Ginny Weasley
./dataset/train\Ginny Weasley\49.png,Ginny Weasley
./dataset/train\Ginny Weasley\5.png,Ginny Weasley
./dataset/train\Ginny Weasley\50.png,Ginny Weasley
./dataset/train\Ginny Weasley\51.png,Ginny Weasley
./dataset/train\Ginny Weasley\52.png,Ginny Weasley
./dataset/train\Ginny Weasley\53.png,Ginny Weasley
./dataset/train\Ginny Weasley\54.png,Ginny Weasley
./dataset/train\Ginny Weasley\55.png,Ginny Weasley
./dataset/train\Ginny Weasley\56.png,Ginny Weasley
./dataset/train\Ginny Weasley\57.png,Ginny Weasley
./dataset/train\Ginny Weasley\58.png,Ginny Weasley
./dataset/train\Ginny Weasley\59.png,Ginny Weasley
./dataset/train\Ginny Weasley\6.png,Ginny Weasley
./dataset/train\Ginny Weasley\60.png,Ginny Weasley
./dataset/train\Ginny Weasley\61.png,Ginny Weasley
./dataset/train\Ginny Weasley\62.png,Ginny Weasley
./dataset/train\Ginny Weasley\63.png,Ginny Weasley
./dataset/train\Ginny Weasley\64.png,Ginny Weasley
./dataset/train\Ginny Weasley\65.png,Ginny Weasley
./dataset/train\Ginny Weasley\66.png,Ginny Weasley
./dataset/train\Ginny Weasley\67.png,Ginny Weasley
./dataset/train\Ginny Weasley\68.png,Ginny Weasley
./dataset/train\Ginny Weasley\69.png,Ginny Weasley
./dataset/train\Ginny Weasley\7.png,Ginny Weasley
./dataset/train\Ginny Weasley\70.png,Ginny Weasley
./dataset/train\Ginny Weasley\71.png,Ginny Weasley
./dataset/train\Ginny Weasley\72.png,Ginny Weasley
./dataset/train\Ginny Weasley\73.png,Ginny Weasley
./dataset/train\Ginny Weasley\74.png,Ginny Weasley
./dataset/train\Ginny Weasley\75.png,Ginny Weasley
./dataset/train\Ginny Weasley\76.png,Ginny Weasley
./dataset/train\Ginny Weasley\77.jpg,Ginny Weasley
./dataset/train\Ginny Weasley\78.jpg,Ginny Weasley
./dataset/train\Ginny Weasley\79.jpg,Ginny Weasley
./dataset/train\Ginny Weasley\8.png,Ginny Weasley
./dataset/train\Ginny Weasley\80.jpg,Ginny Weasley
./dataset/train\Ginny Weasley\81.jpg,Ginny Weasley
./dataset/train\Ginny Weasley\82.jpg,Ginny Weasley
./dataset/train\Ginny Weasley\83.jpg,Ginny Weasley
./dataset/train\Ginny Weasley\84.jpg,Ginny Weasley
./dataset/train\Ginny Weasley\85.jpg,Ginny Weasley
./dataset/train\Ginny Weasley\86.jpg,Ginny Weasley
./dataset/train\Ginny Weasley\87.jpg,Ginny Weasley
./dataset/train\Ginny Weasley\88.jpg,Ginny Weasley
./dataset/train\Ginny Weasley\89.jpg,Ginny Weasley
./dataset/train\Ginny Weasley\9.png,Ginny Weasley
./dataset/train\Ginny Weasley\90.jpg,Ginny Weasley
./dataset/train\Ginny Weasley\91.jpg,Ginny Weasley
./dataset/train\Harry Potter\1.png,Harry Potter
./dataset/train\Harry Potter\10.png,Harry Potter
./dataset/train\Harry Potter\100.png,Harry Potter
./dataset/train\Harry Potter\101.png,Harry Potter
./dataset/train\Harry Potter\102.png,Harry Potter
./dataset/train\Harry Potter\103.png,Harry Potter
./dataset/train\Harry Potter\104.png,Harry Potter
./dataset/train\Harry Potter\105.png,Harry Potter
./dataset/train\Harry Potter\106.png,Harry Potter
./dataset/train\Harry Potter\107.png,Harry Potter
./dataset/train\Harry Potter\108.png,Harry Potter
./dataset/train\Harry Potter\109.png,Harry Potter
./dataset/train\Harry Potter\11.png,Harry Potter
./dataset/train\Harry Potter\110.png,Harry Potter
./dataset/train\Harry Potter\111.png,Harry Potter
./dataset/train\Harry Potter\112.png,Harry Potter
./dataset/train\Harry Potter\113.png,Harry Potter
./dataset/train\Harry Potter\114.png,Harry Potter
./dataset/train\Harry Potter\115.png,Harry Potter
./dataset/train\Harry Potter\116.png,Harry Potter
./dataset/train\Harry Potter\117.png,Harry Potter
./dataset/train\Harry Potter\118.png,Harry Potter
./dataset/train\Harry Potter\119.png,Harry Potter
./dataset/train\Harry Potter\12.png,Harry Potter
./dataset/train\Harry Potter\120.png,Harry Potter
./dataset/train\Harry Potter\121.png,Harry Potter
./dataset/train\Harry Potter\122.png,Harry Potter
./dataset/train\Harry Potter\123.png,Harry Potter
./dataset/train\Harry Potter\124.png,Harry Potter
./dataset/train\Harry Potter\125.png,Harry Potter
./dataset/train\Harry Potter\126.png,Harry Potter
./dataset/train\Harry Potter\127.png,Harry Potter
./dataset/train\Harry Potter\128.png,Harry Potter
./dataset/train\Harry Potter\129.png,Harry Potter
./dataset/train\Harry Potter\13.png,Harry Potter
./dataset/train\Harry Potter\130.png,Harry Potter
./dataset/train\Harry Potter\131.png,Harry Potter
./dataset/train\Harry Potter\132.png,Harry Potter
./dataset/train\Harry Potter\133.png,Harry Potter
./dataset/train\Harry Potter\134.png,Harry Potter
./dataset/train\Harry Potter\135.png,Harry Potter
./dataset/train\Harry Potter\136.png,Harry Potter
./dataset/train\Harry Potter\137.png,Harry Potter
./dataset/train\Harry Potter\138.png,Harry Potter
./dataset/train\Harry Potter\139.png,Harry Potter
./dataset/train\Harry Potter\14.png,Harry Potter
./dataset/train\Harry Potter\140.png,Harry Potter
./dataset/train\Harry Potter\141.png,Harry Potter
./dataset/train\Harry Potter\142.png,Harry Potter
./dataset/train\Harry Potter\143.jpg,Harry Potter
./dataset/train\Harry Potter\144.jpg,Harry Potter
./dataset/train\Harry Potter\145.jpg,Harry Potter
./dataset/train\Harry Potter\146.jpg,Harry Potter
./dataset/train\Harry Potter\147.jpg,Harry Potter
./dataset/train\Harry Potter\148.jpg,Harry Potter
./dataset/train\Harry Potter\149.jpg,Harry Potter
./dataset/train\Harry Potter\15.png,Harry Potter
./dataset/train\Harry Potter\150.jpg,Harry Potter
./dataset/train\Harry Potter\151.jpg,Harry Potter
./dataset/train\Harry Potter\152.jpg,Harry Potter
./dataset/train\Harry Potter\153.jpg,Harry Potter
./dataset/train\Harry Potter\154.jpg,Harry Potter
./dataset/train\Harry Potter\155.jpg,Harry Potter
./dataset/train\Harry Potter\156.jpg,Harry Potter
./dataset/train\Harry Potter\157.jpg,Harry Potter
./dataset/train\Harry Potter\158.jpg,Harry Potter
./dataset/train\Harry Potter\159.jpg,Harry Potter
./dataset/train\Harry Potter\16.png,Harry Potter
./dataset/train\Harry Potter\17.png,Harry Potter
./dataset/train\Harry Potter\18.png,Harry Potter
./dataset/train\Harry Potter\19.png,Harry Potter
./dataset/train\Harry Potter\2.png,Harry Potter
./dataset/train\Harry Potter\20.png,Harry Potter
./dataset/train\Harry Potter\21.png,Harry Potter
./dataset/train\Harry Potter\22.png,Harry Potter
./dataset/train\Harry Potter\23.png,Harry Potter
./dataset/train\Harry Potter\24.png,Harry Potter
./dataset/train\Harry Potter\25.png,Harry Potter
./dataset/train\Harry Potter\26.png,Harry Potter
./dataset/train\Harry Potter\27.png,Harry Potter
./dataset/train\Harry Potter\28.png,Harry Potter
./dataset/train\Harry Potter\29.png,Harry Potter
./dataset/train\Harry Potter\3.png,Harry Potter
./dataset/train\Harry Potter\30.png,Harry Potter
./dataset/train\Harry Potter\31.png,Harry Potter
./dataset/train\Harry Potter\32.png,Harry Potter
./dataset/train\Harry Potter\33.png,Harry Potter
./dataset/train\Harry Potter\34.png,Harry Potter
./dataset/train\Harry Potter\35.png,Harry Potter
./dataset/train\Harry Potter\36.png,Harry Potter
./dataset/train\Harry Potter\37.png,Harry Potter
./dataset/train\Harry Potter\38.png,Harry Potter
./dataset/train\Harry Potter\39.png,Harry Potter
./dataset/train\Harry Potter\4.png,Harry Potter
./dataset/train\Harry Potter\40.png,Harry Potter
./dataset/train\Harry Potter\41.png,Harry Potter
./dataset/train\Harry Potter\42.png,Harry Potter
./dataset/train\Harry Potter\43.png,Harry Potter
./dataset/train\Harry Potter\44.png,Harry Potter
./dataset/train\Harry Potter\45.png,Harry Potter
./dataset/train\Harry Potter\46.png,Harry Potter
./dataset/train\Harry Potter\47.png,Harry Potter
./dataset/train\Harry Potter\48.png,Harry Potter
./dataset/train\Harry Potter\49.png,Harry Potter
./dataset/train\Harry Potter\5.png,Harry Potter
./dataset/train\Harry Potter\50.png,Harry Potter
./dataset/train\Harry Potter\51.png,Harry Potter
./dataset/train\Harry Potter\52.png,Harry Potter
./dataset/train\Harry Potter\53.png,Harry Potter
./dataset/train\Harry Potter\54.png,Harry Potter
./dataset/train\Harry Potter\55.png,Harry Potter
./dataset/train\Harry Potter\56.png,Harry Potter
./dataset/train\Harry Potter\57.png,Harry Potter
./dataset/train\Harry Potter\58.png,Harry Potter
./dataset/train\Harry Potter\59.png,Harry Potter
./dataset/train\Harry Potter\6.png,Harry Potter
./dataset/train\Harry Potter\60.png,Harry Potter
./dataset/train\Harry Potter\61.png,Harry Potter
./dataset/train\Harry Potter\62.png,Harry Potter
./dataset/train\Harry Potter\63.png,Harry Potter
./dataset/train\Harry Potter\64.png,Harry Potter
./dataset/train\Harry Potter\65.png,Harry Potter
./dataset/train\Harry Potter\66.png,Harry Potter
./dataset/train\Harry Potter\67.png,Harry Potter
./dataset/train\Harry Potter\68.png,Harry Potter
./dataset/train\Harry Potter\69.png,Harry Potter
./dataset/train\Harry Potter\7.png,Harry Potter
./dataset/train\Harry Potter\70.png,Harry Potter
./dataset/train\Harry Potter\71.png,Harry Potter
./dataset/train\Harry Potter\72.png,Harry Potter
./dataset/train\Harry Potter\73.png,Harry Potter
./dataset/train\Harry Potter\74.png,Harry Potter
./dataset/train\Harry Potter\75.png,Harry Potter
./dataset/train\Harry Potter\76.png,Harry Potter
./dataset/train\Harry Potter\77.png,Harry Potter
./dataset/train\Harry Potter\78.png,Harry Potter
./dataset/train\Harry Potter\79.png,Harry Potter
./dataset/train\Harry Potter\8.png,Harry Potter
./dataset/train\Harry Potter\80.png,Harry Potter
./dataset/train\Harry Potter\81.png,Harry Potter
./dataset/train\Harry Potter\82.png,Harry Potter
./dataset/train\Harry Potter\83.png,Harry Potter
./dataset/train\Harry Potter\84.png,Harry Potter
./dataset/train\Harry Potter\85.png,Harry Potter
./dataset/train\Harry Potter\86.png,Harry Potter
./dataset/train\Harry Potter\87.png,Harry Potter
./dataset/train\Harry Potter\88.png,Harry Potter
./dataset/train\Harry Potter\89.png,Harry Potter
./dataset/train\Harry Potter\9.png,Harry Potter
./dataset/train\Harry Potter\90.png,Harry Potter
./dataset/train\Harry Potter\91.png,Harry Potter
./dataset/train\Harry Potter\92.png,Harry Potter
./dataset/train\Harry Potter\93.png,Harry Potter
./dataset/train\Harry Potter\94.png,Harry Potter
./dataset/train\Harry Potter\95.png,Harry Potter
./dataset/train\Harry Potter\96.png,Harry Potter
./dataset/train\Harry Potter\97.png,Harry Potter
./dataset/train\Harry Potter\98.png,Harry Potter
./dataset/train\Harry Potter\99.png,Harry Potter
./dataset/train\Hermione Granger\1.png,Hermione Granger
./dataset/train\Hermione Granger\10.png,Hermione Granger
./dataset/train\Hermione Granger\100.jpg,Hermione Granger
./dataset/train\Hermione Granger\101.jpg,Hermione Granger
./dataset/train\Hermione Granger\102.jpg,Hermione Granger
./dataset/train\Hermione Granger\103.jpg,Hermione Granger
./dataset/train\Hermione Granger\104.jpg,Hermione Granger
./dataset/train\Hermione Granger\105.jpg,Hermione Granger
./dataset/train\Hermione Granger\106.jpg,Hermione Granger
./dataset/train\Hermione Granger\11.png,Hermione Granger
./dataset/train\Hermione Granger\12.png,Hermione Granger
./dataset/train\Hermione Granger\13.png,Hermione Granger
./dataset/train\Hermione Granger\14.png,Hermione Granger
./dataset/train\Hermione Granger\15.png,Hermione Granger
./dataset/train\Hermione Granger\16.png,Hermione Granger
./dataset/train\Hermione Granger\17.png,Hermione Granger
./dataset/train\Hermione Granger\18.png,Hermione Granger
./dataset/train\Hermione Granger\19.png,Hermione Granger
./dataset/train\Hermione Granger\2.png,Hermione Granger
./dataset/train\Hermione Granger\20.png,Hermione Granger
./dataset/train\Hermione Granger\21.png,Hermione Granger
./dataset/train\Hermione Granger\22.png,Hermione Granger
./dataset/train\Hermione Granger\23.png,Hermione Granger
./dataset/train\Hermione Granger\24.png,Hermione Granger
./dataset/train\Hermione Granger\25.png,Hermione Granger
./dataset/train\Hermione Granger\26.png,Hermione Granger
./dataset/train\Hermione Granger\27.png,Hermione Granger
./dataset/train\Hermione Granger\28.png,Hermione Granger
./dataset/train\Hermione Granger\29.png,Hermione Granger
./dataset/train\Hermione Granger\3.png,Hermione Granger
./dataset/train\Hermione Granger\30.png,Hermione Granger
./dataset/train\Hermione Granger\31.png,Hermione Granger
./dataset/train\Hermione Granger\32.png,Hermione Granger
./dataset/train\Hermione Granger\33.png,Hermione Granger
./dataset/train\Hermione Granger\34.png,Hermione Granger
./dataset/train\Hermione Granger\35.png,Hermione Granger
./dataset/train\Hermione Granger\36.png,Hermione Granger
./dataset/train\Hermione Granger\37.png,Hermione Granger
./dataset/train\Hermione Granger\38.png,Hermione Granger
./dataset/train\Hermione Granger\39.png,Hermione Granger
./dataset/train\Hermione Granger\4.png,Hermione Granger
./dataset/train\Hermione Granger\40.png,Hermione Granger
./dataset/train\Hermione Granger\41.png,Hermione Granger
./dataset/train\Hermione Granger\42.png,Hermione Granger
./dataset/train\Hermione Granger\43.png,Hermione Granger
./dataset/train\Hermione Granger\44.png,Hermione Granger
./dataset/train\Hermione Granger\45.png,Hermione Granger
./dataset/train\Hermione Granger\46.png,Hermione Granger
./dataset/train\Hermione Granger\47.png,Hermione Granger
./dataset/train\Hermione Granger\48.png,Hermione Granger
./dataset/train\Hermione Granger\49.png,Hermione Granger
./dataset/train\Hermione Granger\5.png,Hermione Granger
./dataset/train\Hermione Granger\50.png,Hermione Granger
./dataset/train\Hermione Granger\51.png,Hermione Granger
./dataset/train\Hermione Granger\52.png,Hermione Granger
./dataset/train\Hermione Granger\53.png,Hermione Granger
./dataset/train\Hermione Granger\54.png,Hermione Granger
./dataset/train\Hermione Granger\55.png,Hermione Granger
./dataset/train\Hermione Granger\56.png,Hermione Granger
./dataset/train\Hermione Granger\57.png,Hermione Granger
./dataset/train\Hermione Granger\58.png,Hermione Granger
./dataset/train\Hermione Granger\59.png,Hermione Granger
./dataset/train\Hermione Granger\6.png,Hermione Granger
./dataset/train\Hermione Granger\60.png,Hermione Granger
./dataset/train\Hermione Granger\61.png,Hermione Granger
./dataset/train\Hermione Granger\62.png,Hermione Granger
./dataset/train\Hermione Granger\63.png,Hermione Granger
./dataset/train\Hermione Granger\64.png,Hermione Granger
./dataset/train\Hermione Granger\65.png,Hermione Granger
./dataset/train\Hermione Granger\66.png,Hermione Granger
./dataset/train\Hermione Granger\67.png,Hermione Granger
./dataset/train\Hermione Granger\68.png,Hermione Granger
./dataset/train\Hermione Granger\69.png,Hermione Granger
./dataset/train\Hermione Granger\7.png,Hermione Granger
./dataset/train\Hermione Granger\70.png,Hermione Granger
./dataset/train\Hermione Granger\71.png,Hermione Granger
./dataset/train\Hermione Granger\72.png,Hermione Granger
./dataset/train\Hermione Granger\73.png,Hermione Granger
./dataset/train\Hermione Granger\74.png,Hermione Granger
./dataset/train\Hermione Granger\75.png,Hermione Granger
./dataset/train\Hermione Granger\76.png,Hermione Granger
./dataset/train\Hermione Granger\77.png,Hermione Granger
./dataset/train\Hermione Granger\78.png,Hermione Granger
./dataset/train\Hermione Granger\79.png,Hermione Granger
./dataset/train\Hermione Granger\8.png,Hermione Granger
./dataset/train\Hermione Granger\80.png,Hermione Granger
./dataset/train\Hermione Granger\81.jpg,Hermione Granger
./dataset/train\Hermione Granger\82.jpg,Hermione Granger
./dataset/train\Hermione Granger\83.jpg,Hermione Granger
./dataset/train\Hermione Granger\84.jpg,Hermione Granger
./dataset/train\Hermione Granger\85.jpg,Hermione Granger
./dataset/train\Hermione Granger\86.jpg,Hermione Granger
./dataset/train\Hermione Granger\87.jpg,Hermione Granger
./dataset/train\Hermione Granger\88.jpg,Hermione Granger
./dataset/train\Hermione Granger\89.jpg,Hermione Granger
./dataset/train\Hermione Granger\9.png,Hermione Granger
./dataset/train\Hermione Granger\90.jpg,Hermione Granger
./dataset/train\Hermione Granger\91.jpg,Hermione Granger
./dataset/train\Hermione Granger\92.jpg,Hermione Granger
./dataset/train\Hermione Granger\93.jpg,Hermione Granger
./dataset/train\Hermione Granger\94.jpg,Hermione Granger
./dataset/train\Hermione Granger\95.jpg,Hermione Granger
./dataset/train\Hermione Granger\96.jpg,Hermione Granger
./dataset/train\Hermione Granger\97.jpg,Hermione Granger
./dataset/train\Hermione Granger\98.jpg,Hermione Granger
./dataset/train\Hermione Granger\99.jpg,Hermione Granger
./dataset/train\Luna Lovegood\1.png,Luna Lovegood
./dataset/train\Luna Lovegood\10.png,Luna Lovegood
./dataset/train\Luna Lovegood\11.png,Luna Lovegood
./dataset/train\Luna Lovegood\12.png,Luna Lovegood
./dataset/train\Luna Lovegood\13.png,Luna Lovegood
./dataset/train\Luna Lovegood\14.png,Luna Lovegood
./dataset/train\Luna Lovegood\15.png,Luna Lovegood
./dataset/train\Luna Lovegood\16.png,Luna Lovegood
./dataset/train\Luna Lovegood\17.png,Luna Lovegood
./dataset/train\Luna Lovegood\18.png,Luna Lovegood
./dataset/train\Luna Lovegood\19.png,Luna Lovegood
./dataset/train\Luna Lovegood\2.png,Luna Lovegood
./dataset/train\Luna Lovegood\20.png,Luna Lovegood
./dataset/train\Luna Lovegood\21.png,Luna Lovegood
./dataset/train\Luna Lovegood\22.png,Luna Lovegood
./dataset/train\Luna Lovegood\23.png,Luna Lovegood
./dataset/train\Luna Lovegood\24.png,Luna Lovegood
./dataset/train\Luna Lovegood\25.png,Luna Lovegood
./dataset/train\Luna Lovegood\26.png,Luna Lovegood
./dataset/train\Luna Lovegood\27.png,Luna Lovegood
./dataset/train\Luna Lovegood\28.png,Luna Lovegood
./dataset/train\Luna Lovegood\29.png,Luna Lovegood
./dataset/train\Luna Lovegood\3.png,Luna Lovegood
./dataset/train\Luna Lovegood\30.png,Luna Lovegood
./dataset/train\Luna Lovegood\31.png,Luna Lovegood
./dataset/train\Luna Lovegood\32.png,Luna Lovegood
./dataset/train\Luna Lovegood\33.png,Luna Lovegood
./dataset/train\Luna Lovegood\34.png,Luna Lovegood
./dataset/train\Luna Lovegood\35.png,Luna Lovegood
./dataset/train\Luna Lovegood\36.png,Luna Lovegood
./dataset/train\Luna Lovegood\37.png,Luna Lovegood
./dataset/train\Luna Lovegood\38.png,Luna Lovegood
./dataset/train\Luna Lovegood\39.png,Luna Lovegood
./dataset/train\Luna Lovegood\4.png,Luna Lovegood
./dataset/train\Luna Lovegood\40.png,Luna Lovegood
./dataset/train\Luna Lovegood\41.png,Luna Lovegood
./dataset/train\Luna Lovegood\42.png,Luna Lovegood
./dataset/train\Luna Lovegood\43.png,Luna Lovegood
./dataset/train\Luna Lovegood\44.png,Luna Lovegood
./dataset/train\Luna Lovegood\45.png,Luna Lovegood
./dataset/train\Luna Lovegood\46.png,Luna Lovegood
./dataset/train\Luna Lovegood\47.png,Luna Lovegood
./dataset/train\Luna Lovegood\48.png,Luna Lovegood
./dataset/train\Luna Lovegood\49.png,Luna Lovegood
./dataset/train\Luna Lovegood\5.png,Luna Lovegood
./dataset/train\Luna Lovegood\50.png,Luna Lovegood
./dataset/train\Luna Lovegood\51.jpg,Luna Lovegood
./dataset/train\Luna Lovegood\52.jpg,Luna Lovegood
./dataset/train\Luna Lovegood\53.jpg,Luna Lovegood
./dataset/train\Luna Lovegood\54.jpg,Luna Lovegood
./dataset/train\Luna Lovegood\55.jpg,Luna Lovegood
./dataset/train\Luna Lovegood\56.jpg,Luna Lovegood
./dataset/train\Luna Lovegood\57.jpg,Luna Lovegood
./dataset/train\Luna Lovegood\58.jpg,Luna Lovegood
./dataset/train\Luna Lovegood\59.jpg,Luna Lovegood
./dataset/train\Luna Lovegood\6.png,Luna Lovegood
./dataset/train\Luna Lovegood\60.jpg,Luna Lovegood
./dataset/train\Luna Lovegood\61.jpg,Luna Lovegood
./dataset/train\Luna Lovegood\62.jpg,Luna Lovegood
./dataset/train\Luna Lovegood\63.jpg,Luna Lovegood
./dataset/train\Luna Lovegood\64.jpg,Luna Lovegood
./dataset/train\Luna Lovegood\65.jpg,Luna Lovegood
./dataset/train\Luna Lovegood\66.jpg,Luna Lovegood
./dataset/train\Luna Lovegood\67.jpg,Luna Lovegood
./dataset/train\Luna Lovegood\7.png,Luna Lovegood
./dataset/train\Luna Lovegood\8.png,Luna Lovegood
./dataset/train\Luna Lovegood\9.png,Luna Lovegood
./dataset/train\Minerva McGonagall\1.png,Minerva McGonagall
./dataset/train\Minerva McGonagall\10.png,Minerva McGonagall
./dataset/train\Minerva McGonagall\11.png,Minerva McGonagall
./dataset/train\Minerva McGonagall\12.png,Minerva McGonagall
./dataset/train\Minerva McGonagall\13.png,Minerva McGonagall
./dataset/train\Minerva McGonagall\14.png,Minerva McGonagall
./dataset/train\Minerva McGonagall\15.png,Minerva McGonagall
./dataset/train\Minerva McGonagall\16.png,Minerva McGonagall
./dataset/train\Minerva McGonagall\17.png,Minerva McGonagall
./dataset/train\Minerva McGonagall\18.png,Minerva McGonagall
./dataset/train\Minerva McGonagall\19.png,Minerva McGonagall
./dataset/train\Minerva McGonagall\2.png,Minerva McGonagall
./dataset/train\Minerva McGonagall\20.png,Minerva McGonagall
./dataset/train\Minerva McGonagall\21.png,Minerva McGonagall
./dataset/train\Minerva McGonagall\22.png,Minerva McGonagall
./dataset/train\Minerva McGonagall\23.png,Minerva McGonagall
./dataset/train\Minerva McGonagall\24.png,Minerva McGonagall
./dataset/train\Minerva McGonagall\25.png,Minerva McGonagall
./dataset/train\Minerva McGonagall\26.png,Minerva McGonagall
./dataset/train\Minerva McGonagall\27.png,Minerva McGonagall
./dataset/train\Minerva McGonagall\28.png,Minerva McGonagall
./dataset/train\Minerva McGonagall\29.png,Minerva McGonagall
./dataset/train\Minerva McGonagall\3.png,Minerva McGonagall
./dataset/train\Minerva McGonagall\30.png,Minerva McGonagall
./dataset/train\Minerva McGonagall\31.png,Minerva McGonagall
./dataset/train\Minerva McGonagall\32.png,Minerva McGonagall
./dataset/train\Minerva McGonagall\33.png,Minerva McGonagall
./dataset/train\Minerva McGonagall\34.png,Minerva McGonagall
./dataset/train\Minerva McGonagall\35.png,Minerva McGonagall
./dataset/train\Minerva McGonagall\36.png,Minerva McGonagall
./dataset/train\Minerva McGonagall\37.png,Minerva McGonagall
./dataset/train\Minerva McGonagall\38.png,Minerva McGonagall
./dataset/train\Minerva McGonagall\39.png,Minerva McGonagall
./dataset/train\Minerva McGonagall\4.png,Minerva McGonagall
./dataset/train\Minerva McGonagall\40.png,Minerva McGonagall
./dataset/train\Minerva McGonagall\41.png,Minerva McGonagall
./dataset/train\Minerva McGonagall\42.png,Minerva McGonagall
./dataset/train\Minerva McGonagall\43.png,Minerva McGonagall
./dataset/train\Minerva McGonagall\44.png,Minerva McGonagall
./dataset/train\Minerva McGonagall\45.png,Minerva McGonagall
./dataset/train\Minerva McGonagall\46.png,Minerva McGonagall
./dataset/train\Minerva McGonagall\47.png,Minerva McGonagall
./dataset/train\Minerva McGonagall\48.png,Minerva McGonagall
./dataset/train\Minerva McGonagall\49.png,Minerva McGonagall
./dataset/train\Minerva McGonagall\5.png,Minerva McGonagall
./dataset/train\Minerva McGonagall\50.jpg,Minerva McGonagall
./dataset/train\Minerva McGonagall\51.jpg,Minerva McGonagall
./dataset/train\Minerva McGonagall\52.jpg,Minerva McGonagall
./dataset/train\Minerva McGonagall\53.jpg,Minerva McGonagall
./dataset/train\Minerva McGonagall\54.jpg,Minerva McGonagall
./dataset/train\Minerva McGonagall\55.jpg,Minerva McGonagall
./dataset/train\Minerva McGonagall\56.jpg,Minerva McGonagall
./dataset/train\Minerva McGonagall\57.jpg,Minerva McGonagall
./dataset/train\Minerva McGonagall\58.jpg,Minerva McGonagall
./dataset/train\Minerva McGonagall\59.jpg,Minerva McGonagall
./dataset/train\Minerva McGonagall\6.png,Minerva McGonagall
./dataset/train\Minerva McGonagall\60.jpg,Minerva McGonagall
./dataset/train\Minerva McGonagall\61.jpg,Minerva McGonagall
./dataset/train\Minerva McGonagall\62.jpg,Minerva McGonagall
./dataset/train\Minerva McGonagall\63.jpg,Minerva McGonagall
./dataset/train\Minerva McGonagall\7.png,Minerva McGonagall
./dataset/train\Minerva McGonagall\8.png,Minerva McGonagall
./dataset/train\Minerva McGonagall\9.png,Minerva McGonagall
./dataset/train\Neville Longbottom\1.png,Neville Longbottom
./dataset/train\Neville Longbottom\10.png,Neville Longbottom
./dataset/train\Neville Longbottom\11.png,Neville Longbottom
./dataset/train\Neville Longbottom\12.png,Neville Longbottom
./dataset/train\Neville Longbottom\13.png,Neville Longbottom
./dataset/train\Neville Longbottom\14.png,Neville Longbottom
./dataset/train\Neville Longbottom\15.png,Neville Longbottom
./dataset/train\Neville Longbottom\16.png,Neville Longbottom
./dataset/train\Neville Longbottom\17.png,Neville Longbottom
./dataset/train\Neville Longbottom\18.png,Neville Longbottom
./dataset/train\Neville Longbottom\19.png,Neville Longbottom
./dataset/train\Neville Longbottom\2.png,Neville Longbottom
./dataset/train\Neville Longbottom\20.png,Neville Longbottom
./dataset/train\Neville Longbottom\21.png,Neville Longbottom
./dataset/train\Neville Longbottom\22.png,Neville Longbottom
./dataset/train\Neville Longbottom\23.png,Neville Longbottom
./dataset/train\Neville Longbottom\24.png,Neville Longbottom
./dataset/train\Neville Longbottom\25.png,Neville Longbottom
./dataset/train\Neville Longbottom\26.png,Neville Longbottom
./dataset/train\Neville Longbottom\27.png,Neville Longbottom
./dataset/train\Neville Longbottom\28.png,Neville Longbottom
./dataset/train\Neville Longbottom\29.png,Neville Longbottom
./dataset/train\Neville Longbottom\3.png,Neville Longbottom
./dataset/train\Neville Longbottom\30.png,Neville Longbottom
./dataset/train\Neville Longbottom\31.png,Neville Longbottom
./dataset/train\Neville Longbottom\32.png,Neville Longbottom
./dataset/train\Neville Longbottom\33.png,Neville Longbottom
./dataset/train\Neville Longbottom\34.png,Neville Longbottom
./dataset/train\Neville Longbottom\35.png,Neville Longbottom
./dataset/train\Neville Longbottom\36.png,Neville Longbottom
./dataset/train\Neville Longbottom\37.png,Neville Longbottom
./dataset/train\Neville Longbottom\38.png,Neville Longbottom
./dataset/train\Neville Longbottom\39.png,Neville Longbottom
./dataset/train\Neville Longbottom\4.png,Neville Longbottom
./dataset/train\Neville Longbottom\40.png,Neville Longbottom
./dataset/train\Neville Longbottom\41.png,Neville Longbottom
./dataset/train\Neville Longbottom\42.png,Neville Longbottom
./dataset/train\Neville Longbottom\43.png,Neville Longbottom
./dataset/train\Neville Longbottom\44.png,Neville Longbottom
./dataset/train\Neville Longbottom\45.png,Neville Longbottom
./dataset/train\Neville Longbottom\46.png,Neville Longbottom
./dataset/train\Neville Longbottom\47.png,Neville Longbottom
./dataset/train\Neville Longbottom\48.png,Neville Longbottom
./dataset/train\Neville Longbottom\49.png,Neville Longbottom
./dataset/train\Neville Longbottom\5.png,Neville Longbottom
./dataset/train\Neville Longbottom\50.png,Neville Longbottom
./dataset/train\Neville Longbottom\51.png,Neville Longbottom
./dataset/train\Neville Longbottom\52.png,Neville Longbottom
./dataset/train\Neville Longbottom\53.png,Neville Longbottom
./dataset/train\Neville Longbottom\54.png,Neville Longbottom
./dataset/train\Neville Longbottom\55.png,Neville Longbottom
./dataset/train\Neville Longbottom\56.png,Neville Longbottom
./dataset/train\Neville Longbottom\57.png,Neville Longbottom
./dataset/train\Neville Longbottom\58.png,Neville Longbottom
./dataset/train\Neville Longbottom\59.png,Neville Longbottom
./dataset/train\Neville Longbottom\6.png,Neville Longbottom
./dataset/train\Neville Longbottom\60.png,Neville Longbottom
./dataset/train\Neville Longbottom\61.png,Neville Longbottom
./dataset/train\Neville Longbottom\62.png,Neville Longbottom
./dataset/train\Neville Longbottom\63.png,Neville Longbottom
./dataset/train\Neville Longbottom\64.png,Neville Longbottom
./dataset/train\Neville Longbottom\65.png,Neville Longbottom
./dataset/train\Neville Longbottom\66.png,Neville Longbottom
./dataset/train\Neville Longbottom\67.png,Neville Longbottom
./dataset/train\Neville Longbottom\68.png,Neville Longbottom
./dataset/train\Neville Longbottom\69.png,Neville Longbottom
./dataset/train\Neville Longbottom\7.png,Neville Longbottom
./dataset/train\Neville Longbottom\70.png,Neville Longbottom
./dataset/train\Neville Longbottom\71.png,Neville Longbottom
./dataset/train\Neville Longbottom\72.png,Neville Longbottom
./dataset/train\Neville Longbottom\73.png,Neville Longbottom
./dataset/train\Neville Longbottom\74.jpg,Neville Longbottom
./dataset/train\Neville Longbottom\75.jpg,Neville Longbottom
./dataset/train\Neville Longbottom\76.jpg,Neville Longbottom
./dataset/train\Neville Longbottom\77.jpg,Neville Longbottom
./dataset/train\Neville Longbottom\78.jpg,Neville Longbottom
./dataset/train\Neville Longbottom\79.jpg,Neville Longbottom
./dataset/train\Neville Longbottom\8.png,Neville Longbottom
./dataset/train\Neville Longbottom\80.jpg,Neville Longbottom
./dataset/train\Neville Longbottom\81.jpg,Neville Longbottom
./dataset/train\Neville Longbottom\82.jpg,Neville Longbottom
./dataset/train\Neville Longbottom\83.jpg,Neville Longbottom
./dataset/train\Neville Longbottom\84.jpg,Neville Longbottom
./dataset/train\Neville Longbottom\85.jpg,Neville Longbottom
./dataset/train\Neville Longbottom\86.jpg,Neville Longbottom
./dataset/train\Neville Longbottom\87.jpg,Neville Longbottom
./dataset/train\Neville Longbottom\88.jpg,Neville Longbottom
./dataset/train\Neville Longbottom\9.png,Neville Longbottom
./dataset/train\Remus Lupin\1.png,Remus Lupin
./dataset/train\Remus Lupin\10.png,Remus Lupin
./dataset/train\Remus Lupin\11.png,Remus Lupin
./dataset/train\Remus Lupin\12.png,Remus Lupin
./dataset/train\Remus Lupin\13.png,Remus Lupin
./dataset/train\Remus Lupin\14.png,Remus Lupin
./dataset/train\Remus Lupin\15.png,Remus Lupin
./dataset/train\Remus Lupin\16.png,Remus Lupin
./dataset/train\Remus Lupin\17.png,Remus Lupin
./dataset/train\Remus Lupin\18.png,Remus Lupin
./dataset/train\Remus Lupin\19.png,Remus Lupin
./dataset/train\Remus Lupin\2.png,Remus Lupin
./dataset/train\Remus Lupin\20.png,Remus Lupin
./dataset/train\Remus Lupin\21.png,Remus Lupin
./dataset/train\Remus Lupin\22.png,Remus Lupin
./dataset/train\Remus Lupin\23.png,Remus Lupin
./dataset/train\Remus Lupin\24.png,Remus Lupin
./dataset/train\Remus Lupin\25.png,Remus Lupin
./dataset/train\Remus Lupin\26.png,Remus Lupin
./dataset/train\Remus Lupin\27.png,Remus Lupin
./dataset/train\Remus Lupin\28.png,Remus Lupin
./dataset/train\Remus Lupin\29.png,Remus Lupin
./dataset/train\Remus Lupin\3.png,Remus Lupin
./dataset/train\Remus Lupin\30.png,Remus Lupin
./dataset/train\Remus Lupin\31.png,Remus Lupin
./dataset/train\Remus Lupin\32.png,Remus Lupin
./dataset/train\Remus Lupin\33.png,Remus Lupin
./dataset/train\Remus Lupin\34.png,Remus Lupin
./dataset/train\Remus Lupin\35.png,Remus Lupin
./dataset/train\Remus Lupin\36.png,Remus Lupin
./dataset/train\Remus Lupin\37.png,Remus Lupin
./dataset/train\Remus Lupin\38.png,Remus Lupin
./dataset/train\Remus Lupin\39.png,Remus Lupin
./dataset/train\Remus Lupin\4.png,Remus Lupin
./dataset/train\Remus Lupin\40.png,Remus Lupin
./dataset/train\Remus Lupin\41.png,Remus Lupin
./dataset/train\Remus Lupin\42.png,Remus Lupin
./dataset/train\Remus Lupin\43.png,Remus Lupin
./dataset/train\Remus Lupin\44.png,Remus Lupin
./dataset/train\Remus Lupin\45.png,Remus Lupin
./dataset/train\Remus Lupin\46.png,Remus Lupin
./dataset/train\Remus Lupin\47.png,Remus Lupin
./dataset/train\Remus Lupin\48.jpg,Remus Lupin
./dataset/train\Remus Lupin\49.jpg,Remus Lupin
./dataset/train\Remus Lupin\5.png,Remus Lupin
./dataset/train\Remus Lupin\50.jpg,Remus Lupin
./dataset/train\Remus Lupin\51.jpg,Remus Lupin
./dataset/train\Remus Lupin\52.jpg,Remus Lupin
./dataset/train\Remus Lupin\53.jpg,Remus Lupin
./dataset/train\Remus Lupin\54.jpg,Remus Lupin
./dataset/train\Remus Lupin\55.jpg,Remus Lupin
./dataset/train\Remus Lupin\56.jpg,Remus Lupin
./dataset/train\Remus Lupin\57.jpg,Remus Lupin
./dataset/train\Remus Lupin\58.jpg,Remus Lupin
./dataset/train\Remus Lupin\59.jpg,Remus Lupin
./dataset/train\Remus Lupin\6.png,Remus Lupin
./dataset/train\Remus Lupin\7.png,Remus Lupin
./dataset/train\Remus Lupin\8.png,Remus Lupin
./dataset/train\Remus Lupin\9.png,Remus Lupin
./dataset/train\Ron Weasley\1.png,Ron Weasley
./dataset/train\Ron Weasley\10.png,Ron Weasley
./dataset/train\Ron Weasley\100.jpg,Ron Weasley
./dataset/train\Ron Weasley\101.jpg,Ron Weasley
./dataset/train\Ron Weasley\102.jpg,Ron Weasley
./dataset/train\Ron Weasley\103.jpg,Ron Weasley
./dataset/train\Ron Weasley\11.png,Ron Weasley
./dataset/train\Ron Weasley\12.png,Ron Weasley
./dataset/train\Ron Weasley\13.png,Ron Weasley
./dataset/train\Ron Weasley\14.png,Ron Weasley
./dataset/train\Ron Weasley\15.png,Ron Weasley
./dataset/train\Ron Weasley\16.png,Ron Weasley
./dataset/train\Ron Weasley\17.png,Ron Weasley
./dataset/train\Ron Weasley\18.png,Ron Weasley
./dataset/train\Ron Weasley\19.png,Ron Weasley
./dataset/train\Ron Weasley\2.png,Ron Weasley
./dataset/train\Ron Weasley\20.png,Ron Weasley
./dataset/train\Ron Weasley\21.png,Ron Weasley
./dataset/train\Ron Weasley\22.png,Ron Weasley
./dataset/train\Ron Weasley\23.png,Ron Weasley
./dataset/train\Ron Weasley\24.png,Ron Weasley
./dataset/train\Ron Weasley\25.png,Ron Weasley
./dataset/train\Ron Weasley\26.png,Ron Weasley
./dataset/train\Ron Weasley\27.png,Ron Weasley
./dataset/train\Ron Weasley\28.png,Ron Weasley
./dataset/train\Ron Weasley\29.png,Ron Weasley
./dataset/train\Ron Weasley\3.png,Ron Weasley
./dataset/train\Ron Weasley\30.png,Ron Weasley
./dataset/train\Ron Weasley\31.png,Ron Weasley
./dataset/train\Ron Weasley\32.png,Ron Weasley
./dataset/train\Ron Weasley\33.png,Ron Weasley
./dataset/train\Ron Weasley\34.png,Ron Weasley
./dataset/train\Ron Weasley\35.png,Ron Weasley
./dataset/train\Ron Weasley\36.png,Ron Weasley
./dataset/train\Ron Weasley\37.png,Ron Weasley
./dataset/train\Ron Weasley\38.png,Ron Weasley
./dataset/train\Ron Weasley\39.png,Ron Weasley
./dataset/train\Ron Weasley\4.png,Ron Weasley
./dataset/train\Ron Weasley\40.png,Ron Weasley
./dataset/train\Ron Weasley\41.png,Ron Weasley
./dataset/train\Ron Weasley\42.png,Ron Weasley
./dataset/train\Ron Weasley\43.png,Ron Weasley
./dataset/train\Ron Weasley\44.png,Ron Weasley
./dataset/train\Ron Weasley\45.png,Ron Weasley
./dataset/train\Ron Weasley\46.png,Ron Weasley
./dataset/train\Ron Weasley\47.png,Ron Weasley
./dataset/train\Ron Weasley\48.png,Ron Weasley
./dataset/train\Ron Weasley\49.png,Ron Weasley
./dataset/train\Ron Weasley\5.png,Ron Weasley
./dataset/train\Ron Weasley\50.png,Ron Weasley
./dataset/train\Ron Weasley\51.png,Ron Weasley
./dataset/train\Ron Weasley\52.png,Ron Weasley
./dataset/train\Ron Weasley\53.png,Ron Weasley
./dataset/train\Ron Weasley\54.png,Ron Weasley
./dataset/train\Ron Weasley\55.png,Ron Weasley
./dataset/train\Ron Weasley\56.png,Ron Weasley
./dataset/train\Ron Weasley\57.png,Ron Weasley
./dataset/train\Ron Weasley\58.png,Ron Weasley
./dataset/train\Ron Weasley\59.png,Ron Weasley
./dataset/train\Ron Weasley\6.png,Ron Weasley
./dataset/train\Ron Weasley\60.png,Ron Weasley
./dataset/train\Ron Weasley\61.png,Ron Weasley
./dataset/train\Ron Weasley\62.png,Ron Weasley
./dataset/train\Ron Weasley\63.png,Ron Weasley
./dataset/train\Ron Weasley\64.png,Ron Weasley
./dataset/train\Ron Weasley\65.png,Ron Weasley
./dataset/train\Ron Weasley\66.png,Ron Weasley
./dataset/train\Ron Weasley\67.png,Ron Weasley
./dataset/train\Ron Weasley\68.png,Ron Weasley
./dataset/train\Ron Weasley\69.png,Ron Weasley
./dataset/train\Ron Weasley\7.png,Ron Weasley
./dataset/train\Ron Weasley\70.png,Ron Weasley
./dataset/train\Ron Weasley\71.png,Ron Weasley
./dataset/train\Ron Weasley\72.png,Ron Weasley
./dataset/train\Ron Weasley\73.png,Ron Weasley
./dataset/train\Ron Weasley\74.png,Ron Weasley
./dataset/train\Ron Weasley\75.png,Ron Weasley
./dataset/train\Ron Weasley\76.png,Ron Weasley
./dataset/train\Ron Weasley\77.png,Ron Weasley
./dataset/train\Ron Weasley\78.png,Ron Weasley
./dataset/train\Ron Weasley\79.jpg,Ron Weasley
./dataset/train\Ron Weasley\8.png,Ron Weasley
./dataset/train\Ron Weasley\80.jpg,Ron Weasley
./dataset/train\Ron Weasley\81.jpg,Ron Weasley
./dataset/train\Ron Weasley\82.jpg,Ron Weasley
./dataset/train\Ron Weasley\83.jpg,Ron Weasley
./dataset/train\Ron Weasley\84.jpg,Ron Weasley
./dataset/train\Ron Weasley\85.jpg,Ron Weasley
./dataset/train\Ron Weasley\86.jpg,Ron Weasley
./dataset/train\Ron Weasley\87.jpg,Ron Weasley
./dataset/train\Ron Weasley\88.jpg,Ron Weasley
./dataset/train\Ron Weasley\89.jpg,Ron Weasley
./dataset/train\Ron Weasley\9.png,Ron Weasley
./dataset/train\Ron Weasley\90.jpg,Ron Weasley
./dataset/train\Ron Weasley\91.jpg,Ron Weasley
./dataset/train\Ron Weasley\92.jpg,Ron Weasley
./dataset/train\Ron Weasley\93.jpg,Ron Weasley
./dataset/train\Ron Weasley\94.jpg,Ron Weasley
./dataset/train\Ron Weasley\95.jpg,Ron Weasley
./dataset/train\Ron Weasley\96.jpg,Ron Weasley
./dataset/train\Ron Weasley\97.jpg,Ron Weasley
./dataset/train\Ron Weasley\98.jpg,Ron Weasley
./dataset/train\Ron Weasley\99.jpg,Ron Weasley
./dataset/train\Rubeus Hagrid\1.png,Rubeus Hagrid
./dataset/train\Rubeus Hagrid\10.png,Rubeus Hagrid
./dataset/train\Rubeus Hagrid\11.png,Rubeus Hagrid
./dataset/train\Rubeus Hagrid\12.png,Rubeus Hagrid
./dataset/train\Rubeus Hagrid\13.png,Rubeus Hagrid
./dataset/train\Rubeus Hagrid\14.png,Rubeus Hagrid
./dataset/train\Rubeus Hagrid\15.png,Rubeus Hagrid
./dataset/train\Rubeus Hagrid\16.png,Rubeus Hagrid
./dataset/train\Rubeus Hagrid\17.png,Rubeus Hagrid
./dataset/train\Rubeus Hagrid\18.png,Rubeus Hagrid
./dataset/train\Rubeus Hagrid\19.png,Rubeus Hagrid
./dataset/train\Rubeus Hagrid\2.png,Rubeus Hagrid
./dataset/train\Rubeus Hagrid\20.png,Rubeus Hagrid
./dataset/train\Rubeus Hagrid\21.png,Rubeus Hagrid
./dataset/train\Rubeus Hagrid\22.png,Rubeus Hagrid
./dataset/train\Rubeus Hagrid\23.png,Rubeus Hagrid
./dataset/train\Rubeus Hagrid\24.png,Rubeus Hagrid
./dataset/train\Rubeus Hagrid\25.png,Rubeus Hagrid
./dataset/train\Rubeus Hagrid\26.png,Rubeus Hagrid
./dataset/train\Rubeus Hagrid\27.png,Rubeus Hagrid
./dataset/train\Rubeus Hagrid\28.png,Rubeus Hagrid
./dataset/train\Rubeus Hagrid\29.png,Rubeus Hagrid
./dataset/train\Rubeus Hagrid\3.png,Rubeus Hagrid
./dataset/train\Rubeus Hagrid\30.png,Rubeus Hagrid
./dataset/train\Rubeus Hagrid\31.png,Rubeus Hagrid
./dataset/train\Rubeus Hagrid\32.png,Rubeus Hagrid
./dataset/train\Rubeus Hagrid\33.png,Rubeus Hagrid
./dataset/train\Rubeus Hagrid\34.png,Rubeus Hagrid
./dataset/train\Rubeus Hagrid\35.png,Rubeus Hagrid
./dataset/train\Rubeus Hagrid\36.png,Rubeus Hagrid
./dataset/train\Rubeus Hagrid\37.png,Rubeus Hagrid
./dataset/train\Rubeus Hagrid\38.png,Rubeus Hagrid
./dataset/train\Rubeus Hagrid\39.png,Rubeus Hagrid
./dataset/train\Rubeus Hagrid\4.png,Rubeus Hagrid
./dataset/train\Rubeus Hagrid\40.png,Rubeus Hagrid
./dataset/train\Rubeus Hagrid\41.png,Rubeus Hagrid
./dataset/train\Rubeus Hagrid\42.png,Rubeus Hagrid
./dataset/train\Rubeus Hagrid\43.png,Rubeus Hagrid
./dataset/train\Rubeus Hagrid\44.png,Rubeus Hagrid
./dataset/train\Rubeus Hagrid\45.png,Rubeus Hagrid
./dataset/train\Rubeus Hagrid\46.png,Rubeus Hagrid
./dataset/train\Rubeus Hagrid\47.png,Rubeus Hagrid
./dataset/train\Rubeus Hagrid\48.png,Rubeus Hagrid
./dataset/train\Rubeus Hagrid\49.png,Rubeus Hagrid
./dataset/train\Rubeus Hagrid\5.png,Rubeus Hagrid
./dataset/train\Rubeus Hagrid\50.png,Rubeus Hagrid
./dataset/train\Rubeus Hagrid\51.jpg,Rubeus Hagrid
./dataset/train\Rubeus Hagrid\52.jpg,Rubeus Hagrid
./dataset/train\Rubeus Hagrid\53.jpg,Rubeus Hagrid
./dataset/train\Rubeus Hagrid\54.jpg,Rubeus Hagrid
./dataset/train\Rubeus Hagrid\55.jpg,Rubeus Hagrid
./dataset/train\Rubeus Hagrid\56.jpg,Rubeus Hagrid
./dataset/train\Rubeus Hagrid\57.jpg,Rubeus Hagrid
./dataset/train\Rubeus Hagrid\58.jpg,Rubeus Hagrid
./dataset/train\Rubeus Hagrid\59.jpg,Rubeus Hagrid
./dataset/train\Rubeus Hagrid\6.png,Rubeus Hagrid
./dataset/train\Rubeus Hagrid\60.jpg,Rubeus Hagrid
./dataset/train\Rubeus Hagrid\61.jpg,Rubeus Hagrid
./dataset/train\Rubeus Hagrid\62.jpg,Rubeus Hagrid
./dataset/train\Rubeus Hagrid\63.jpg,Rubeus Hagrid
./dataset/train\Rubeus Hagrid\64.jpg,Rubeus Hagrid
./dataset/train\Rubeus Hagrid\65.jpg,Rubeus Hagrid
./dataset/train\Rubeus Hagrid\66.jpg,Rubeus Hagrid
./dataset/train\Rubeus Hagrid\67.jpg,Rubeus Hagrid
./dataset/train\Rubeus Hagrid\7.png,Rubeus Hagrid
./dataset/train\Rubeus Hagrid\8.png,Rubeus Hagrid
./dataset/train\Rubeus Hagrid\9.png,Rubeus Hagrid
./dataset/train\Severus Snape\1.png,Severus Snape
./dataset/train\Severus Snape\10.png,Severus Snape
./dataset/train\Severus Snape\11.png,Severus Snape
./dataset/train\Severus Snape\12.png,Severus Snape
./dataset/train\Severus Snape\13.png,Severus Snape
./dataset/train\Severus Snape\14.png,Severus Snape
./dataset/train\Severus Snape\15.png,Severus Snape
./dataset/train\Severus Snape\16.png,Severus Snape
./dataset/train\Severus Snape\17.png,Severus Snape
./dataset/train\Severus Snape\18.png,Severus Snape
./dataset/train\Severus Snape\19.png,Severus Snape
./dataset/train\Severus Snape\2.png,Severus Snape
./dataset/train\Severus Snape\20.png,Severus Snape
./dataset/train\Severus Snape\21.png,Severus Snape
./dataset/train\Severus Snape\22.png,Severus Snape
./dataset/train\Severus Snape\23.png,Severus Snape
./dataset/train\Severus Snape\24.png,Severus Snape
./dataset/train\Severus Snape\25.png,Severus Snape
./dataset/train\Severus Snape\26.png,Severus Snape
./dataset/train\Severus Snape\27.png,Severus Snape
./dataset/train\Severus Snape\28.png,Severus Snape
./dataset/train\Severus Snape\29.png,Severus Snape
./dataset/train\Severus Snape\3.png,Severus Snape
./dataset/train\Severus Snape\30.png,Severus Snape
./dataset/train\Severus Snape\31.png,Severus Snape
./dataset/train\Severus Snape\32.png,Severus Snape
./dataset/train\Severus Snape\33.png,Severus Snape
./dataset/train\Severus Snape\34.png,Severus Snape
./dataset/train\Severus Snape\35.png,Severus Snape
./dataset/train\Severus Snape\36.png,Severus Snape
./dataset/train\Severus Snape\37.png,Severus Snape
./dataset/train\Severus Snape\38.png,Severus Snape
./dataset/train\Severus Snape\39.png,Severus Snape
./dataset/train\Severus Snape\4.png,Severus Snape
./dataset/train\Severus Snape\40.png,Severus Snape
./dataset/train\Severus Snape\41.png,Severus Snape
./dataset/train\Severus Snape\42.png,Severus Snape
./dataset/train\Severus Snape\43.png,Severus Snape
./dataset/train\Severus Snape\44.png,Severus Snape
./dataset/train\Severus Snape\45.png,Severus Snape
./dataset/train\Severus Snape\46.png,Severus Snape
./dataset/train\Severus Snape\47.png,Severus Snape
./dataset/train\Severus Snape\48.png,Severus Snape
./dataset/train\Severus Snape\49.png,Severus Snape
./dataset/train\Severus Snape\5.png,Severus Snape
./dataset/train\Severus Snape\50.png,Severus Snape
./dataset/train\Severus Snape\51.jpg,Severus Snape
./dataset/train\Severus Snape\52.jpg,Severus Snape
./dataset/train\Severus Snape\53.jpg,Severus Snape
./dataset/train\Severus Snape\54.jpg,Severus Snape
./dataset/train\Severus Snape\55.jpg,Severus Snape
./dataset/train\Severus Snape\56.jpg,Severus Snape
./dataset/train\Severus Snape\57.jpg,Severus Snape
./dataset/train\Severus Snape\58.jpg,Severus Snape
./dataset/train\Severus Snape\59.jpg,Severus Snape
./dataset/train\Severus Snape\6.png,Severus Snape
./dataset/train\Severus Snape\60.jpg,Severus Snape
./dataset/train\Severus Snape\61.jpg,Severus Snape
./dataset/train\Severus Snape\62.jpg,Severus Snape
./dataset/train\Severus Snape\63.jpg,Severus Snape
./dataset/train\Severus Snape\64.jpg,Severus Snape
./dataset/train\Severus Snape\7.png,Severus Snape
./dataset/train\Severus Snape\8.png,Severus Snape
./dataset/train\Severus Snape\9.png,Severus Snape
./dataset/train\Sirius Black\1.png,Sirius Black
./dataset/train\Sirius Black\10.png,Sirius Black
./dataset/train\Sirius Black\11.png,Sirius Black
./dataset/train\Sirius Black\12.png,Sirius Black
./dataset/train\Sirius Black\13.png,Sirius Black
./dataset/train\Sirius Black\14.png,Sirius Black
./dataset/train\Sirius Black\15.png,Sirius Black
./dataset/train\Sirius Black\16.png,Sirius Black
./dataset/train\Sirius Black\17.png,Sirius Black
./dataset/train\Sirius Black\18.png,Sirius Black
./dataset/train\Sirius Black\19.png,Sirius Black
./dataset/train\Sirius Black\2.png,Sirius Black
./dataset/train\Sirius Black\20.png,Sirius Black
./dataset/train\Sirius Black\21.png,Sirius Black
./dataset/train\Sirius Black\22.png,Sirius Black
./dataset/train\Sirius Black\23.png,Sirius Black
./dataset/train\Sirius Black\24.png,Sirius Black
./dataset/train\Sirius Black\25.png,Sirius Black
./dataset/train\Sirius Black\26.png,Sirius Black
./dataset/train\Sirius Black\27.png,Sirius Black
./dataset/train\Sirius Black\28.png,Sirius Black
./dataset/train\Sirius Black\29.png,Sirius Black
./dataset/train\Sirius Black\3.png,Sirius Black
./dataset/train\Sirius Black\30.png,Sirius Black
./dataset/train\Sirius Black\31.png,Sirius Black
./dataset/train\Sirius Black\32.png,Sirius Black
./dataset/train\Sirius Black\33.png,Sirius Black
./dataset/train\Sirius Black\34.png,Sirius Black
./dataset/train\Sirius Black\35.png,Sirius Black
./dataset/train\Sirius Black\36.png,Sirius Black
./dataset/train\Sirius Black\37.png,Sirius Black
./dataset/train\Sirius Black\38.png,Sirius Black
./dataset/train\Sirius Black\39.png,Sirius Black
./dataset/train\Sirius Black\4.png,Sirius Black
./dataset/train\Sirius Black\40.png,Sirius Black
./dataset/train\Sirius Black\41.png,Sirius Black
./dataset/train\Sirius Black\42.png,Sirius Black
./dataset/train\Sirius Black\43.png,Sirius Black
./dataset/train\Sirius Black\44.png,Sirius Black
./dataset/train\Sirius Black\45.png,Sirius Black
./dataset/train\Sirius Black\46.png,Sirius Black
./dataset/train\Sirius Black\47.png,Sirius Black
./dataset/train\Sirius Black\48.png,Sirius Black
./dataset/train\Sirius Black\49.png,Sirius Black
./dataset/train\Sirius Black\5.png,Sirius Black
./dataset/train\Sirius Black\50.png,Sirius Black
./dataset/train\Sirius Black\51.png,Sirius Black
./dataset/train\Sirius Black\52.png,Sirius Black
./dataset/train\Sirius Black\53.jpg,Sirius Black
./dataset/train\Sirius Black\54.jpg,Sirius Black
./dataset/train\Sirius Black\55.jpg,Sirius Black
./dataset/train\Sirius Black\56.jpg,Sirius Black
./dataset/train\Sirius Black\57.jpg,Sirius Black
./dataset/train\Sirius Black\58.jpg,Sirius Black
./dataset/train\Sirius Black\59.jpg,Sirius Black
./dataset/train\Sirius Black\6.png,Sirius Black
./dataset/train\Sirius Black\60.jpg,Sirius Black
./dataset/train\Sirius Black\61.jpg,Sirius Black
./dataset/train\Sirius Black\62.jpg,Sirius Black
./dataset/train\Sirius Black\63.jpg,Sirius Black
./dataset/train\Sirius Black\64.jpg,Sirius Black
./dataset/train\Sirius Black\65.jpg,Sirius Black
./dataset/train\Sirius Black\66.jpg,Sirius Black
./dataset/train\Sirius Black\7.png,Sirius Black
./dataset/train\Sirius Black\8.png,Sirius Black
./dataset/train\Sirius Black\9.png,Sirius Black
./dataset/train\Voldemort\1.png,Voldemort
./dataset/train\Voldemort\10.png,Voldemort
./dataset/train\Voldemort\11.png,Voldemort
./dataset/train\Voldemort\12.png,Voldemort
./dataset/train\Voldemort\13.png,Voldemort
./dataset/train\Voldemort\14.png,Voldemort
./dataset/train\Voldemort\15.png,Voldemort
./dataset/train\Voldemort\16.png,Voldemort
./dataset/train\Voldemort\17.png,Voldemort
./dataset/train\Voldemort\18.png,Voldemort
./dataset/train\Voldemort\19.png,Voldemort
./dataset/train\Voldemort\2.png,Voldemort
./dataset/train\Voldemort\20.png,Voldemort
./dataset/train\Voldemort\21.png,Voldemort
./dataset/train\Voldemort\22.png,Voldemort
./dataset/train\Voldemort\23.png,Voldemort
./dataset/train\Voldemort\24.png,Voldemort
./dataset/train\Voldemort\25.png,Voldemort
./dataset/train\Voldemort\26.png,Voldemort
./dataset/train\Voldemort\27.png,Voldemort
./dataset/train\Voldemort\28.png,Voldemort
./dataset/train\Voldemort\29.png,Voldemort
./dataset/train\Voldemort\3.png,Voldemort
./dataset/train\Voldemort\30.png,Voldemort
./dataset/train\Voldemort\31.png,Voldemort
./dataset/train\Voldemort\32.png,Voldemort
./dataset/train\Voldemort\33.png,Voldemort
./dataset/train\Voldemort\34.png,Voldemort
./dataset/train\Voldemort\35.png,Voldemort
./dataset/train\Voldemort\36.png,Voldemort
./dataset/train\Voldemort\37.png,Voldemort
./dataset/train\Voldemort\38.png,Voldemort
./dataset/train\Voldemort\39.png,Voldemort
./dataset/train\Voldemort\4.png,Voldemort
./dataset/train\Voldemort\40.png,Voldemort
./dataset/train\Voldemort\41.png,Voldemort
./dataset/train\Voldemort\42.png,Voldemort
./dataset/train\Voldemort\43.png,Voldemort
./dataset/train\Voldemort\44.png,Voldemort
./dataset/train\Voldemort\45.png,Voldemort
./dataset/train\Voldemort\46.png,Voldemort
./dataset/train\Voldemort\47.png,Voldemort
./dataset/train\Voldemort\48.png,Voldemort
./dataset/train\Voldemort\49.png,Voldemort
./dataset/train\Voldemort\5.png,Voldemort
./dataset/train\Voldemort\50.png,Voldemort
./dataset/train\Voldemort\51.png,Voldemort
./dataset/train\Voldemort\52.png,Voldemort
./dataset/train\Voldemort\53.jpg,Voldemort
./dataset/train\Voldemort\54.jpg,Voldemort
./dataset/train\Voldemort\55.jpg,Voldemort
./dataset/train\Voldemort\56.jpg,Voldemort
./dataset/train\Voldemort\57.jpg,Voldemort
./dataset/train\Voldemort\58.jpg,Voldemort
./dataset/train\Voldemort\59.jpg,Voldemort
./dataset/train\Voldemort\6.png,Voldemort
./dataset/train\Voldemort\60.jpg,Voldemort
./dataset/train\Voldemort\61.jpg,Voldemort
./dataset/train\Voldemort\62.jpg,Voldemort
./dataset/train\Voldemort\63.jpg,Voldemort
./dataset/train\Voldemort\64.jpg,Voldemort
./dataset/train\Voldemort\65.jpg,Voldemort
./dataset/train\Voldemort\66.jpg,Voldemort
./dataset/train\Voldemort\67.jpg,Voldemort
./dataset/train\Voldemort\68.jpg,Voldemort
./dataset/train\Voldemort\7.png,Voldemort
./dataset/train\Voldemort\8.png,Voldemort
./dataset/train\Voldemort\9.png,Voldemort
